[
  {
    "id": "a79c347d-0d2c-46af-a0df-83951159de78",
    "data": [
      {
        "text": "champiñones",
        "alias": "Sabor",
        "meta": "@Sabor",
        "userDefined": false
      }
    ],
    "isTemplate": false,
    "count": 1,
    "updated": 1502414459
  },
  {
    "id": "3fa4edde-db25-445d-b28a-11da24fc530e",
    "data": [
      {
        "text": "arúgula",
        "alias": "Sabor",
        "meta": "@Sabor",
        "userDefined": false
      }
    ],
    "isTemplate": false,
    "count": 0,
    "updated": 1502414459
  },
  {
    "id": "c4356a54-ce9c-4341-9cb5-527c255a970b",
    "data": [
      {
        "text": "coliflor",
        "alias": "Sabor",
        "meta": "@Sabor",
        "userDefined": false
      }
    ],
    "isTemplate": false,
    "count": 0,
    "updated": 1502414459
  }
]