[
  {
    "id": "495449f9-ce66-4a86-a404-41a247a07398",
    "data": [
      {
        "text": "jumbo",
        "alias": "Tamano",
        "meta": "@Tamano",
        "userDefined": false
      }
    ],
    "isTemplate": false,
    "count": 0,
    "updated": 1501706010
  },
  {
    "id": "0965e033-cf15-40c0-94ce-d5d27b0ce491",
    "data": [
      {
        "text": "mediana",
        "alias": "Tamano",
        "meta": "@Tamano",
        "userDefined": false
      }
    ],
    "isTemplate": false,
    "count": 0,
    "updated": 1501706010
  },
  {
    "id": "fe11dad5-967e-471a-a476-f524911cd43c",
    "data": [
      {
        "text": "personal",
        "alias": "Tamano",
        "meta": "@Tamano",
        "userDefined": false
      }
    ],
    "isTemplate": false,
    "count": 0,
    "updated": 1501706010
  }
]